Date,Wind Spd, Wind Dir
2021/08/03 0:00,19.0,182
2021/08/03 0:01,19.0,182
2021/08/03 0:02,19.0,183
2021/08/03 0:03,19.0,183
2021/08/03 0:04,19.0,183
2021/08/03 0:05,19.0,183
2021/08/03 0:06,19.0,183
2021/08/03 0:07,20.0,183
2021/08/03 0:08,21.0,183
2021/08/03 0:09,21.0,181
2021/08/03 0:10,19.0,179
2021/08/03 0:11,20.0,180
2021/08/03 0:12,19.0,179
2021/08/03 0:13,19.0,179
2021/08/03 0:14,19.0,179
2021/08/03 0:15,19.0,179
2021/08/03 0:16,18.0,180
2021/08/03 0:17,17.0,180
2021/08/03 0:18,16.0,181
2021/08/03 0:19,15.0,181
2021/08/03 0:20,15.0,181
2021/08/03 0:21,15.0,182
2021/08/03 0:22,14.0,182
2021/08/03 0:23,14.0,182
2021/08/03 0:24,13.0,182
2021/08/03 0:25,12.0,181
2021/08/03 0:26,12.0,181
2021/08/03 0:27,12.0,181
2021/08/03 0:28,12.0,179
2021/08/03 0:29,12.0,180
2021/08/03 0:30,12.0,180
2021/08/03 0:31,12.0,181
2021/08/03 0:32,12.0,183
2021/08/03 0:33,12.0,184
2021/08/03 0:34,12.0,185
2021/08/03 0:35,11.0,186
2021/08/03 0:36,11.0,188
2021/08/03 0:37,12.0,189
2021/08/03 0:38,12.0,190
2021/08/03 0:39,12.0,190
2021/08/03 0:40,12.0,192
2021/08/03 0:41,12.0,191
2021/08/03 0:42,14.0,190
2021/08/03 0:43,14.0,190
2021/08/03 0:44,14.0,190
2021/08/03 0:45,14.0,190
2021/08/03 0:46,15.0,190
2021/08/03 0:47,15.0,190
2021/08/03 0:48,15.0,191
2021/08/03 0:49,15.0,191
2021/08/03 0:50,15.0,192
2021/08/03 0:51,15.0,193
2021/08/03 0:52,15.0,194
2021/08/03 0:53,14.0,194
2021/08/03 0:54,14.0,194
2021/08/03 0:55,13.0,194
2021/08/03 0:56,12.0,194
2021/08/03 0:57,12.0,194
2021/08/03 0:58,12.0,193
2021/08/03 0:59,12.0,192
2021/08/03 1:00,12.0,192
2021/08/03 1:01,12.0,191
2021/08/03 1:02,12.0,191
2021/08/03 1:03,12.0,189
2021/08/03 1:04,12.0,189
2021/08/03 1:05,12.0,189
2021/08/03 1:06,12.0,188
2021/08/03 1:07,12.0,187
2021/08/03 1:08,12.0,186
2021/08/03 1:09,12.0,186
2021/08/03 1:10,12.0,187
2021/08/03 1:11,12.0,187
2021/08/03 1:12,11.0,187
2021/08/03 1:13,11.0,187
2021/08/03 1:14,11.0,187
2021/08/03 1:15,10.0,187
2021/08/03 1:16,10.0,188
2021/08/03 1:17,10.0,187
2021/08/03 1:18,10.0,187
2021/08/03 1:19,10.0,186
2021/08/03 1:20,10.0,185
2021/08/03 1:21,10.0,184
2021/08/03 1:22,10.0,183
2021/08/03 1:23,9.0,183
2021/08/03 1:24,9.0,184
2021/08/03 1:25,9.0,184
2021/08/03 1:26,9.0,183
2021/08/03 1:27,8.0,181
2021/08/03 1:28,8.0,179
2021/08/03 1:29,8.0,178
2021/08/03 1:30,8.0,176
2021/08/03 1:31,8.0,174
2021/08/03 1:32,7.0,173
2021/08/03 1:33,6.0,171
2021/08/03 1:34,6.0,168
2021/08/03 1:35,6.0,166
2021/08/03 1:36,6.0,165
2021/08/03 1:37,6.0,166
2021/08/03 1:38,6.0,166
2021/08/03 1:39,6.0,164
2021/08/03 1:40,6.0,164
2021/08/03 1:41,6.0,164
2021/08/03 1:42,6.0,162
2021/08/03 1:43,6.0,162
2021/08/03 1:44,7.0,161
2021/08/03 1:45,7.0,161
2021/08/03 1:46,6.0,159
2021/08/03 1:47,6.0,157
2021/08/03 1:48,6.0,156
2021/08/03 1:49,6.0,155
2021/08/03 1:50,6.0,153
2021/08/03 1:51,6.0,152
2021/08/03 1:52,6.0,151
2021/08/03 1:53,6.0,148
2021/08/03 1:54,6.0,146
2021/08/03 1:55,6.0,143
2021/08/03 1:56,6.0,141
2021/08/03 1:57,6.0,140
2021/08/03 1:58,6.0,139
2021/08/03 1:59,6.0,138
2021/08/03 2:00,6.0,137
2021/08/03 2:01,5.0,135
2021/08/03 2:02,5.0,134
2021/08/03 2:03,5.0,133
2021/08/03 2:04,5.0,134
2021/08/03 2:05,6.0,135
2021/08/03 2:06,6.0,136
2021/08/03 2:07,6.0,138
2021/08/03 2:08,6.0,139
2021/08/03 2:09,6.0,141
2021/08/03 2:10,7.0,144
2021/08/03 2:11,8.0,147
2021/08/03 2:12,8.0,149
2021/08/03 2:13,8.0,151
2021/08/03 2:14,8.0,152
2021/08/03 2:15,8.0,153
2021/08/03 2:16,8.0,154
2021/08/03 2:17,8.0,154
2021/08/03 2:18,8.0,154
2021/08/03 2:19,8.0,153
2021/08/03 2:20,8.0,151
2021/08/03 2:21,8.0,149
2021/08/03 2:22,8.0,147
2021/08/03 2:23,8.0,145
2021/08/03 2:24,8.0,143
2021/08/03 2:25,8.0,142
2021/08/03 2:26,8.0,142
2021/08/03 2:27,8.0,142
2021/08/03 2:28,8.0,142
2021/08/03 2:29,8.0,143
2021/08/03 2:30,9.0,143
2021/08/03 2:31,9.0,144
2021/08/03 2:32,9.0,145
2021/08/03 2:33,9.0,146
2021/08/03 2:34,9.0,147
2021/08/03 2:35,9.0,146
2021/08/03 2:36,10.0,145
2021/08/03 2:37,9.0,144
2021/08/03 2:38,9.0,144
2021/08/03 2:39,9.0,144
2021/08/03 2:40,10.0,144
2021/08/03 2:41,10.0,143
2021/08/03 2:42,10.0,144
2021/08/03 2:43,10.0,144
2021/08/03 2:44,10.0,144
2021/08/03 2:45,10.0,143
2021/08/03 2:46,10.0,143
2021/08/03 2:47,10.0,142
2021/08/03 2:48,10.0,141
2021/08/03 2:49,10.0,139
2021/08/03 2:50,9.0,137
2021/08/03 2:51,10.0,136
2021/08/03 2:52,10.0,135
2021/08/03 2:53,10.0,134
2021/08/03 2:54,10.0,132
2021/08/03 2:55,11.0,132
2021/08/03 2:56,11.0,131
2021/08/03 2:57,12.0,131
2021/08/03 2:58,12.0,130
2021/08/03 2:59,12.0,131
2021/08/03 3:00,12.0,131
2021/08/03 3:01,12.0,132
2021/08/03 3:02,12.0,131
2021/08/03 3:03,12.0,131
2021/08/03 3:04,11.0,131
2021/08/03 3:05,11.0,130
2021/08/03 3:06,11.0,130
2021/08/03 3:07,10.0,130
2021/08/03 3:08,10.0,129
2021/08/03 3:09,10.0,128
2021/08/03 3:10,10.0,126
2021/08/03 3:11,10.0,125
2021/08/03 3:12,10.0,124
2021/08/03 3:13,10.0,123
2021/08/03 3:14,10.0,123
2021/08/03 3:15,10.0,122
2021/08/03 3:16,10.0,122
2021/08/03 3:17,10.0,121
2021/08/03 3:18,10.0,119
2021/08/03 3:19,10.0,118
2021/08/03 3:20,10.0,118
2021/08/03 3:21,10.0,118
2021/08/03 3:22,10.0,118
2021/08/03 3:23,10.0,119
2021/08/03 3:24,10.0,118
2021/08/03 3:25,10.0,118
2021/08/03 3:26,10.0,118
2021/08/03 3:27,10.0,119
2021/08/03 3:28,10.0,119
2021/08/03 3:29,10.0,120
2021/08/03 3:30,10.0,120
2021/08/03 3:31,10.0,120
2021/08/03 3:32,10.0,120
2021/08/03 3:33,10.0,118
2021/08/03 3:34,10.0,119
2021/08/03 3:35,10.0,118
2021/08/03 3:36,10.0,118
2021/08/03 3:37,10.0,118
2021/08/03 3:38,10.0,117
2021/08/03 3:39,10.0,118
2021/08/03 3:40,10.0,118
2021/08/03 3:41,10.0,116
2021/08/03 3:42,10.0,115
2021/08/03 3:43,9.0,114
2021/08/03 3:44,9.0,113
2021/08/03 3:45,9.0,111
2021/08/03 3:46,9.0,108
2021/08/03 3:47,9.0,104
2021/08/03 3:48,9.0,101
2021/08/03 3:49,10.0,98
2021/08/03 3:50,10.0,94
2021/08/03 3:51,10.0,93
2021/08/03 3:52,10.0,91
2021/08/03 3:53,10.0,90
2021/08/03 3:54,10.0,90
2021/08/03 3:55,10.0,90
2021/08/03 3:56,10.0,90
2021/08/03 3:57,10.0,91
2021/08/03 3:58,10.0,91
2021/08/03 3:59,10.0,90
2021/08/03 4:00,10.0,91
2021/08/03 4:01,10.0,90
2021/08/03 4:02,11.0,90
2021/08/03 4:03,11.0,88
2021/08/03 4:04,11.0,86
2021/08/03 4:05,11.0,83
2021/08/03 4:06,11.0,81
2021/08/03 4:07,12.0,79
2021/08/03 4:08,12.0,77
2021/08/03 4:09,12.0,76
2021/08/03 4:10,12.0,75
2021/08/03 4:11,12.0,74
2021/08/03 4:12,12.0,74
2021/08/03 4:13,12.0,74
2021/08/03 4:14,12.0,75
2021/08/03 4:15,12.0,76
2021/08/03 4:16,12.0,78
2021/08/03 4:17,12.0,81
2021/08/03 4:18,13.0,83
2021/08/03 4:19,14.0,85
2021/08/03 4:20,13.0,87
2021/08/03 4:21,13.0,88
2021/08/03 4:22,14.0,88
2021/08/03 4:23,13.0,91
2021/08/03 4:24,12.0,94
2021/08/03 4:25,12.0,95
2021/08/03 4:26,12.0,97
2021/08/03 4:27,12.0,99
2021/08/03 4:28,13.0,101
2021/08/03 4:29,14.0,103
2021/08/03 4:30,14.0,105
2021/08/03 4:31,15.0,108
2021/08/03 4:32,16.0,112
2021/08/03 4:33,17.0,114
2021/08/03 4:34,17.0,116
2021/08/03 4:35,17.0,119
2021/08/03 4:36,17.0,120
2021/08/03 4:37,17.0,122
2021/08/03 4:38,17.0,124
2021/08/03 4:39,17.0,127
2021/08/03 4:40,16.0,130
2021/08/03 4:41,15.0,132
2021/08/03 4:42,15.0,133
2021/08/03 4:43,15.0,134
2021/08/03 4:44,15.0,135
2021/08/03 4:45,15.0,136
2021/08/03 4:46,15.0,137
2021/08/03 4:47,15.0,138
2021/08/03 4:48,15.0,139
2021/08/03 4:49,15.0,139
2021/08/03 4:50,16.0,139
2021/08/03 4:51,16.0,139
2021/08/03 4:52,16.0,139
2021/08/03 4:53,17.0,140
2021/08/03 4:54,17.0,140
2021/08/03 4:55,17.0,140
2021/08/03 4:56,17.0,139
2021/08/03 4:57,18.0,139
2021/08/03 4:58,18.0,138
2021/08/03 4:59,17.0,139
2021/08/03 5:00,17.0,139
2021/08/03 5:01,17.0,138
2021/08/03 5:02,17.0,138
2021/08/03 5:03,17.0,138
2021/08/03 5:04,16.0,139
2021/08/03 5:05,16.0,139
2021/08/03 5:06,15.0,139
2021/08/03 5:07,15.0,139
2021/08/03 5:08,14.0,139
2021/08/03 5:09,14.0,140
2021/08/03 5:10,14.0,140
2021/08/03 5:11,14.0,140
2021/08/03 5:12,14.0,140
2021/08/03 5:13,14.0,139
2021/08/03 5:14,15.0,137
2021/08/03 5:15,15.0,137
2021/08/03 5:16,15.0,136
2021/08/03 5:17,15.0,136
2021/08/03 5:18,16.0,135
2021/08/03 5:19,17.0,133
2021/08/03 5:20,17.0,132
2021/08/03 5:21,17.0,131
2021/08/03 5:22,18.0,130
2021/08/03 5:23,18.0,129
2021/08/03 5:24,18.0,129
2021/08/03 5:25,18.0,127
2021/08/03 5:26,18.0,127
2021/08/03 5:27,18.0,126
2021/08/03 5:28,17.0,126
2021/08/03 5:29,17.0,125
2021/08/03 5:30,17.0,124
2021/08/03 5:31,18.0,125
2021/08/03 5:32,17.0,127
2021/08/03 5:33,17.0,129
2021/08/03 5:34,17.0,131
2021/08/03 5:35,17.0,134
2021/08/03 5:36,17.0,136
2021/08/03 5:37,17.0,139
2021/08/03 5:38,18.0,142
2021/08/03 5:39,18.0,145
2021/08/03 5:40,18.0,149
2021/08/03 5:41,18.0,152
2021/08/03 5:42,17.0,153
2021/08/03 5:43,17.0,153
2021/08/03 5:44,17.0,152
2021/08/03 5:45,17.0,153
2021/08/03 5:46,17.0,153
2021/08/03 5:47,16.0,154
2021/08/03 5:48,16.0,154
2021/08/03 5:49,15.0,155
2021/08/03 5:50,15.0,156
2021/08/03 5:51,14.0,156
2021/08/03 5:52,14.0,157
2021/08/03 5:53,14.0,158
2021/08/03 5:54,14.0,159
2021/08/03 5:55,13.0,160
2021/08/03 5:56,13.0,160
2021/08/03 5:57,12.0,160
2021/08/03 5:58,13.0,159
2021/08/03 5:59,13.0,159
2021/08/03 6:00,13.0,158
2021/08/03 6:01,13.0,159
2021/08/03 6:02,13.0,158
2021/08/03 6:03,14.0,156
2021/08/03 6:04,13.0,155
2021/08/03 6:05,13.0,154
2021/08/03 6:06,13.0,152
2021/08/03 6:07,13.0,150
2021/08/03 6:08,12.0,149
2021/08/03 6:09,12.0,146
2021/08/03 6:10,12.0,144
2021/08/03 6:11,12.0,141
2021/08/03 6:12,14.0,140
2021/08/03 6:13,14.0,139
2021/08/03 6:14,14.0,137
2021/08/03 6:15,14.0,137
2021/08/03 6:16,15.0,136
2021/08/03 6:17,15.0,135
2021/08/03 6:18,15.0,134
2021/08/03 6:19,15.0,133
2021/08/03 6:20,15.0,132
2021/08/03 6:21,15.0,132
2021/08/03 6:22,14.0,132
2021/08/03 6:23,14.0,131
2021/08/03 6:24,14.0,131
2021/08/03 6:25,13.0,131
2021/08/03 6:26,12.0,132
2021/08/03 6:27,12.0,132
2021/08/03 6:28,12.0,132
2021/08/03 6:29,12.0,132
2021/08/03 6:30,12.0,131
2021/08/03 6:31,12.0,131
2021/08/03 6:32,12.0,131
2021/08/03 6:33,12.0,132
2021/08/03 6:34,12.0,132
2021/08/03 6:35,12.0,132
2021/08/03 6:36,12.0,130
2021/08/03 6:37,12.0,130
2021/08/03 6:38,12.0,130
2021/08/03 6:39,12.0,130
2021/08/03 6:40,13.0,130
2021/08/03 6:41,14.0,130
2021/08/03 6:42,14.0,129
2021/08/03 6:43,14.0,129
2021/08/03 6:44,14.0,129
2021/08/03 6:45,14.0,129
2021/08/03 6:46,14.0,130
2021/08/03 6:47,15.0,130
2021/08/03 6:48,15.0,130
2021/08/03 6:49,15.0,129
2021/08/03 6:50,15.0,129
2021/08/03 6:51,15.0,129
2021/08/03 6:52,15.0,128
2021/08/03 6:53,16.0,127
2021/08/03 6:54,16.0,126
2021/08/03 6:55,17.0,125
2021/08/03 6:56,17.0,123
2021/08/03 6:57,17.0,122
2021/08/03 6:58,17.0,121
2021/08/03 6:59,17.0,118
2021/08/03 7:00,17.0,116
2021/08/03 7:01,17.0,115
2021/08/03 7:02,17.0,112
2021/08/03 7:03,16.0,108
2021/08/03 7:04,15.0,105
2021/08/03 7:05,15.0,101
2021/08/03 7:06,14.0,97
2021/08/03 7:07,14.0,94
2021/08/03 7:08,12.0,91
2021/08/03 7:09,12.0,89
2021/08/03 7:10,12.0,84
2021/08/03 7:11,11.0,81
2021/08/03 7:12,10.0,80
2021/08/03 7:13,10.0,79
2021/08/03 7:14,10.0,78
2021/08/03 7:15,10.0,77
2021/08/03 7:16,10.0,77
2021/08/03 7:17,10.0,77
2021/08/03 7:18,10.0,75
2021/08/03 7:19,10.0,74
2021/08/03 7:20,10.0,74
2021/08/03 7:21,11.0,74
2021/08/03 7:22,11.0,73
2021/08/03 7:23,11.0,71
2021/08/03 7:24,11.0,71
2021/08/03 7:25,11.0,70
2021/08/03 7:26,11.0,69
2021/08/03 7:27,12.0,68
2021/08/03 7:28,12.0,68
2021/08/03 7:29,12.0,69
2021/08/03 7:30,12.0,70
2021/08/03 7:31,12.0,70
2021/08/03 7:32,12.0,72
2021/08/03 7:33,12.0,74
2021/08/03 7:34,12.0,75
2021/08/03 7:35,12.0,76
2021/08/03 7:36,12.0,78
2021/08/03 7:37,12.0,79
2021/08/03 7:38,12.0,82
2021/08/03 7:39,12.0,85
2021/08/03 7:40,12.0,89
2021/08/03 7:41,12.0,92
2021/08/03 7:42,12.0,95
2021/08/03 7:43,12.0,99
2021/08/03 7:44,14.0,103
2021/08/03 7:45,14.0,107
2021/08/03 7:46,14.0,112
2021/08/03 7:47,15.0,115
2021/08/03 7:48,15.0,116
2021/08/03 7:49,15.0,117
2021/08/03 7:50,15.0,118
2021/08/03 7:51,15.0,118
2021/08/03 7:52,15.0,119
2021/08/03 7:53,14.0,119
2021/08/03 7:54,14.0,118
2021/08/03 7:55,13.0,117
2021/08/03 7:56,12.0,116
2021/08/03 7:57,12.0,117
2021/08/03 7:58,13.0,116
2021/08/03 7:59,14.0,117
2021/08/03 8:00,14.0,117
2021/08/03 8:01,14.0,117
2021/08/03 8:02,15.0,117
2021/08/03 8:03,15.0,116
2021/08/03 8:04,15.0,114
2021/08/03 8:05,16.0,114
2021/08/03 8:06,17.0,114
2021/08/03 8:07,17.0,113
2021/08/03 8:08,18.0,113
2021/08/03 8:09,18.0,113
2021/08/03 8:10,19.0,113
2021/08/03 8:11,19.0,113
2021/08/03 8:12,19.0,113
2021/08/03 8:13,21.0,115
2021/08/03 8:14,22.0,116
2021/08/03 8:15,22.0,116
2021/08/03 8:16,22.0,115
2021/08/03 8:17,22.0,115
2021/08/03 8:18,21.0,114
2021/08/03 8:19,21.0,113
2021/08/03 8:20,21.0,112
2021/08/03 8:21,21.0,111
2021/08/03 8:22,21.0,111
2021/08/03 8:23,20.0,110
2021/08/03 8:24,19.0,109
2021/08/03 8:25,19.0,109
2021/08/03 8:26,19.0,108
2021/08/03 8:27,20.0,109
2021/08/03 8:28,21.0,109
2021/08/03 8:29,21.0,110
2021/08/03 8:30,21.0,111
2021/08/03 8:31,21.0,112
2021/08/03 8:32,21.0,111
2021/08/03 8:33,21.0,110
2021/08/03 8:34,22.0,109
2021/08/03 8:35,22.0,109
2021/08/03 8:36,22.0,109
2021/08/03 8:37,22.0,108
2021/08/03 8:38,22.0,107
2021/08/03 8:39,22.0,106
2021/08/03 8:40,22.0,104
2021/08/03 8:41,22.0,103
2021/08/03 8:42,22.0,104
2021/08/03 8:43,22.0,104
2021/08/03 8:44,22.0,105
2021/08/03 8:45,21.0,103
2021/08/03 8:46,21.0,103
2021/08/03 8:47,19.0,102
2021/08/03 8:48,19.0,103
2021/08/03 8:49,19.0,103
2021/08/03 8:50,18.0,105
2021/08/03 8:51,18.0,105
2021/08/03 8:52,17.0,104
2021/08/03 8:53,17.0,103
2021/08/03 8:54,17.0,100
2021/08/03 8:55,17.0,99
2021/08/03 8:56,17.0,98
2021/08/03 8:57,17.0,97
2021/08/03 8:58,17.0,94
2021/08/03 8:59,17.0,92
2021/08/03 9:00,16.0,90
2021/08/03 9:01,16.0,89
2021/08/03 9:02,15.0,86
2021/08/03 9:03,15.0,87
2021/08/03 9:04,15.0,88
2021/08/03 9:05,15.0,89
2021/08/03 9:06,14.0,90
2021/08/03 9:07,14.0,90
2021/08/03 9:08,14.0,91
2021/08/03 9:09,14.0,92
2021/08/03 9:10,14.0,93
2021/08/03 9:11,15.0,92
2021/08/03 9:12,15.0,95
2021/08/03 9:13,15.0,95
2021/08/03 9:14,15.0,95
2021/08/03 9:15,15.0,97
2021/08/03 9:16,15.0,98
2021/08/03 9:17,15.0,100
2021/08/03 9:18,16.0,102
2021/08/03 9:19,17.0,104
2021/08/03 9:20,18.0,106
2021/08/03 9:21,19.0,107
2021/08/03 9:22,20.0,110
2021/08/03 9:23,22.0,113
2021/08/03 9:24,23.0,115
2021/08/03 9:25,24.0,116
2021/08/03 9:26,24.0,117
2021/08/03 9:27,25.0,118
2021/08/03 9:28,26.0,119
2021/08/03 9:29,26.0,119
2021/08/03 9:30,26.0,120
2021/08/03 9:31,27.0,120
2021/08/03 9:32,26.0,119
2021/08/03 9:33,26.0,119
2021/08/03 9:34,26.0,119
2021/08/03 9:35,26.0,118
2021/08/03 9:36,26.0,118
2021/08/03 9:37,26.0,117
2021/08/03 9:38,26.0,117
2021/08/03 9:39,26.0,117
2021/08/03 9:40,26.0,117
2021/08/03 9:41,26.0,117
2021/08/03 9:42,26.0,116
2021/08/03 9:43,26.0,116
2021/08/03 9:44,26.0,117
2021/08/03 9:45,26.0,117
2021/08/03 9:46,27.0,116
2021/08/03 9:47,27.0,116
2021/08/03 9:48,27.0,116
2021/08/03 9:49,27.0,115
2021/08/03 9:50,27.0,114
2021/08/03 9:51,27.0,113
2021/08/03 9:52,26.0,112
2021/08/03 9:53,26.0,112
2021/08/03 9:54,26.0,111
2021/08/03 9:55,25.0,111
2021/08/03 9:56,25.0,111
2021/08/03 9:57,24.0,110
2021/08/03 9:58,24.0,109
2021/08/03 9:59,24.0,109
2021/08/03 10:00,24.0,109
2021/08/03 10:01,24.0,109
2021/08/03 10:02,24.0,108
2021/08/03 10:03,25.0,108
2021/08/03 10:04,25.0,108
2021/08/03 10:05,25.0,107
2021/08/03 10:06,26.0,108
2021/08/03 10:07,26.0,108
2021/08/03 10:08,26.0,108
2021/08/03 10:09,26.0,108
2021/08/03 10:10,26.0,109
2021/08/03 10:11,27.0,109
2021/08/03 10:12,27.0,109
2021/08/03 10:13,27.0,109
2021/08/03 10:14,27.0,108
2021/08/03 10:15,27.0,107
2021/08/03 10:16,27.0,107
2021/08/03 10:17,27.0,107
2021/08/03 10:18,26.0,107
2021/08/03 10:19,26.0,106
2021/08/03 10:20,25.0,105
2021/08/03 10:21,25.0,106
2021/08/03 10:22,24.0,106
2021/08/03 10:23,24.0,106
2021/08/03 10:24,23.0,105
2021/08/03 10:25,23.0,105
2021/08/03 10:26,23.0,103
2021/08/03 10:27,23.0,101
2021/08/03 10:28,24.0,99
2021/08/03 10:29,23.0,99
2021/08/03 10:30,23.0,97
2021/08/03 10:31,23.0,96
2021/08/03 10:32,23.0,97
2021/08/03 10:33,23.0,96
2021/08/03 10:34,23.0,96
2021/08/03 10:35,23.0,95
2021/08/03 10:36,23.0,97
2021/08/03 10:37,23.0,99
2021/08/03 10:38,24.0,101
2021/08/03 10:39,24.0,102
2021/08/03 10:40,25.0,103
2021/08/03 10:41,26.0,104
2021/08/03 10:42,27.0,104
2021/08/03 10:43,27.0,105
2021/08/03 10:44,28.0,105
2021/08/03 10:45,30.0,107
2021/08/03 10:46,30.0,107
2021/08/03 10:47,30.0,107
2021/08/03 10:48,31.0,107
2021/08/03 10:49,32.0,107
2021/08/03 10:50,32.0,106
2021/08/03 10:51,32.0,106
2021/08/03 10:52,33.0,106
2021/08/03 10:53,33.0,106
2021/08/03 10:54,33.0,106
2021/08/03 10:55,33.0,106
2021/08/03 10:56,33.0,106
2021/08/03 10:57,33.0,106
2021/08/03 10:58,33.0,106
2021/08/03 10:59,33.0,107
2021/08/03 11:00,33.0,106
2021/08/03 11:01,32.0,107
2021/08/03 11:02,32.0,106
2021/08/03 11:03,32.0,107
2021/08/03 11:04,31.0,106
2021/08/03 11:05,31.0,106
2021/08/03 11:06,30.0,106
2021/08/03 11:07,30.0,106
2021/08/03 11:08,29.0,105
2021/08/03 11:09,29.0,106
2021/08/03 11:10,28.0,106
2021/08/03 11:11,28.0,106
2021/08/03 11:12,29.0,107
2021/08/03 11:13,29.0,107
2021/08/03 11:14,29.0,108
2021/08/03 11:15,29.0,108
2021/08/03 11:16,29.0,109
2021/08/03 11:17,30.0,109
2021/08/03 11:18,30.0,110
2021/08/03 11:19,30.0,108
2021/08/03 11:20,30.0,106
2021/08/03 11:21,29.0,104
2021/08/03 11:22,29.0,103
2021/08/03 11:23,29.0,103
2021/08/03 11:24,28.0,102
2021/08/03 11:25,29.0,101
2021/08/03 11:26,29.0,101
2021/08/03 11:27,29.0,101
2021/08/03 11:28,30.0,101
2021/08/03 11:29,30.0,102
2021/08/03 11:30,30.0,102
2021/08/03 11:31,30.0,102
2021/08/03 11:32,30.0,100
2021/08/03 11:33,30.0,98
2021/08/03 11:34,30.0,97
2021/08/03 11:35,30.0,95
2021/08/03 11:36,30.0,93
2021/08/03 11:37,29.0,91
2021/08/03 11:38,28.0,90
2021/08/03 11:39,29.0,90
2021/08/03 11:40,29.0,93
2021/08/03 11:41,30.0,93
2021/08/03 11:42,29.0,95
2021/08/03 11:43,29.0,95
2021/08/03 11:44,29.0,96
2021/08/03 11:45,29.0,99
2021/08/03 11:46,30.0,101
2021/08/03 11:47,30.0,103
2021/08/03 11:48,31.0,104
2021/08/03 11:49,32.0,105
2021/08/03 11:50,31.0,104
2021/08/03 11:51,31.0,105
2021/08/03 11:52,32.0,105
2021/08/03 11:53,32.0,106
2021/08/03 11:54,31.0,106
2021/08/03 11:55,30.0,103
2021/08/03 11:56,30.0,103
2021/08/03 11:57,29.0,103
2021/08/03 11:58,28.0,103
2021/08/03 11:59,28.0,102
2021/08/03 12:00,29.0,104
2021/08/03 12:01,29.0,104
2021/08/03 12:02,29.0,103
2021/08/03 12:03,29.0,104
2021/08/03 12:04,29.0,102
2021/08/03 12:05,30.0,101
2021/08/03 12:06,30.0,101
2021/08/03 12:07,30.0,100
2021/08/03 12:08,30.0,100
2021/08/03 12:09,30.0,100
2021/08/03 12:10,30.0,100
2021/08/03 12:11,30.0,98
2021/08/03 12:12,30.0,96
2021/08/03 12:13,30.0,94
2021/08/03 12:14,30.0,95
2021/08/03 12:15,30.0,95
2021/08/03 12:16,31.0,94
2021/08/03 12:17,32.0,93
2021/08/03 12:18,32.0,92
2021/08/03 12:19,32.0,90
2021/08/03 12:20,32.0,88
2021/08/03 12:21,32.0,89
2021/08/03 12:22,30.0,89
2021/08/03 12:23,30.0,90
2021/08/03 12:24,30.0,89
2021/08/03 12:25,30.0,90
2021/08/03 12:26,29.0,91
2021/08/03 12:27,28.0,91
2021/08/03 12:28,27.0,91
2021/08/03 12:29,28.0,91
2021/08/03 12:30,28.0,92
2021/08/03 12:31,28.0,92
2021/08/03 12:32,28.0,92
2021/08/03 12:33,29.0,93
2021/08/03 12:34,29.0,93
2021/08/03 12:35,30.0,92
2021/08/03 12:36,30.0,92
2021/08/03 12:37,30.0,92
2021/08/03 12:38,30.0,92
2021/08/03 12:39,30.0,90
2021/08/03 12:40,30.0,90
2021/08/03 12:41,30.0,91
2021/08/03 12:42,30.0,91
2021/08/03 12:43,30.0,91
2021/08/03 12:44,30.0,91
2021/08/03 12:45,29.0,91
2021/08/03 12:46,28.0,92
2021/08/03 12:47,28.0,92
2021/08/03 12:48,28.0,93
2021/08/03 12:49,27.0,95
2021/08/03 12:50,27.0,95
2021/08/03 12:51,26.0,94
2021/08/03 12:52,26.0,95
2021/08/03 12:53,26.0,96
2021/08/03 12:54,26.0,96
2021/08/03 12:55,26.0,96
2021/08/03 12:56,26.0,95
2021/08/03 12:57,25.0,93
2021/08/03 12:58,24.0,92
2021/08/03 12:59,24.0,92
2021/08/03 13:00,25.0,92
2021/08/03 13:01,25.0,91
2021/08/03 13:02,26.0,90
2021/08/03 13:03,26.0,90
2021/08/03 13:04,27.0,90
2021/08/03 13:05,27.0,89
2021/08/03 13:06,28.0,90
2021/08/03 13:07,29.0,91
2021/08/03 13:08,30.0,92
2021/08/03 13:09,30.0,91
2021/08/03 13:10,30.0,89
2021/08/03 13:11,30.0,88
2021/08/03 13:12,30.0,87
2021/08/03 13:13,30.0,87
2021/08/03 13:14,30.0,87
2021/08/03 13:15,29.0,87
2021/08/03 13:16,30.0,88
2021/08/03 13:17,29.0,87
2021/08/03 13:18,28.0,87
2021/08/03 13:19,28.0,87
2021/08/03 13:20,28.0,89
2021/08/03 13:21,28.0,90
2021/08/03 13:22,28.0,91
2021/08/03 13:23,27.0,91
2021/08/03 13:24,27.0,91
2021/08/03 13:25,27.0,91
2021/08/03 13:26,26.0,92
2021/08/03 13:27,26.0,92
2021/08/03 13:28,25.0,91
2021/08/03 13:29,25.0,92
2021/08/03 13:30,26.0,92
2021/08/03 13:31,26.0,92
2021/08/03 13:32,26.0,93
2021/08/03 13:33,26.0,93
2021/08/03 13:34,26.0,93
2021/08/03 13:35,26.0,93
2021/08/03 13:36,25.0,93
2021/08/03 13:37,25.0,93
2021/08/03 13:38,25.0,93
2021/08/03 13:39,24.0,93
2021/08/03 13:40,24.0,93
2021/08/03 13:41,24.0,91
2021/08/03 13:42,25.0,90
2021/08/03 13:43,25.0,91
2021/08/03 13:44,25.0,90
2021/08/03 13:45,26.0,90
2021/08/03 13:46,26.0,90
2021/08/03 13:47,26.0,88
2021/08/03 13:48,27.0,88
2021/08/03 13:49,27.0,88
2021/08/03 13:50,27.0,88
2021/08/03 13:51,28.0,87
2021/08/03 13:52,28.0,87
2021/08/03 13:53,29.0,87
2021/08/03 13:54,30.0,86
2021/08/03 13:55,30.0,86
2021/08/03 13:56,30.0,86
2021/08/03 13:57,31.0,86
2021/08/03 13:58,32.0,87
2021/08/03 13:59,33.0,88
2021/08/03 14:00,33.0,89
2021/08/03 14:01,34.0,89
2021/08/03 14:02,36.0,89
2021/08/03 14:03,37.0,90
2021/08/03 14:04,37.0,90
2021/08/03 14:05,38.0,91
2021/08/03 14:06,39.0,91
2021/08/03 14:07,40.0,91
2021/08/03 14:08,40.0,90
2021/08/03 14:09,40.0,88
2021/08/03 14:10,39.0,86
2021/08/03 14:11,38.0,83
2021/08/03 14:12,36.0,81
2021/08/03 14:13,35.0,77
2021/08/03 14:14,33.0,73
2021/08/03 14:15,32.0,70
2021/08/03 14:16,30.0,67
2021/08/03 14:17,29.0,64
2021/08/03 14:18,28.0,62
2021/08/03 14:19,27.0,60
2021/08/03 14:20,27.0,58
2021/08/03 14:21,26.0,58
2021/08/03 14:22,26.0,58
2021/08/03 14:23,26.0,58
2021/08/03 14:24,26.0,59
2021/08/03 14:25,26.0,59
2021/08/03 14:26,27.0,59
2021/08/03 14:27,27.0,59
2021/08/03 14:28,27.0,58
2021/08/03 14:29,27.0,57
2021/08/03 14:30,27.0,57
2021/08/03 14:31,27.0,57
2021/08/03 14:32,27.0,56
2021/08/03 14:33,27.0,56
2021/08/03 14:34,26.0,56
2021/08/03 14:35,26.0,56
2021/08/03 14:36,26.0,55
2021/08/03 14:37,25.0,56
2021/08/03 14:38,25.0,57
2021/08/03 14:39,25.0,58
2021/08/03 14:40,24.0,58
2021/08/03 14:41,24.0,59
2021/08/03 14:42,25.0,60
2021/08/03 14:43,24.0,61
2021/08/03 14:44,24.0,63
2021/08/03 14:45,23.0,65
2021/08/03 14:46,23.0,68
2021/08/03 14:47,24.0,72
2021/08/03 14:48,24.0,74
2021/08/03 14:49,25.0,77
2021/08/03 14:50,26.0,80
2021/08/03 14:51,26.0,83
2021/08/03 14:52,27.0,85
2021/08/03 14:53,29.0,88
2021/08/03 14:54,30.0,89
2021/08/03 14:55,32.0,91
2021/08/03 14:56,33.0,91
2021/08/03 14:57,35.0,91
2021/08/03 14:58,35.0,91
2021/08/03 14:59,35.0,91
2021/08/03 15:00,36.0,91
2021/08/03 15:01,37.0,90
2021/08/03 15:02,36.0,90
2021/08/03 15:03,36.0,91
2021/08/03 15:04,35.0,93
2021/08/03 15:05,35.0,92
2021/08/03 15:06,35.0,91
2021/08/03 15:07,34.0,91
2021/08/03 15:08,34.0,92
2021/08/03 15:09,35.0,92
2021/08/03 15:10,35.0,94
2021/08/03 15:11,36.0,96
2021/08/03 15:12,36.0,98
2021/08/03 15:13,37.0,99
2021/08/03 15:14,38.0,100
2021/08/03 15:15,37.0,102
2021/08/03 15:16,37.0,105
2021/08/03 15:17,37.0,108
2021/08/03 15:18,37.0,110
2021/08/03 15:19,36.0,112
2021/08/03 15:20,35.0,112
2021/08/03 15:21,33.0,110
2021/08/03 15:22,32.0,110
2021/08/03 15:23,30.0,110
2021/08/03 15:24,31.0,111
2021/08/03 15:25,33.0,111
2021/08/03 15:26,35.0,111
2021/08/03 15:27,36.0,112
2021/08/03 15:28,38.0,112
2021/08/03 15:29,40.0,111
2021/08/03 15:30,42.0,111
2021/08/03 15:31,43.0,110
2021/08/03 15:32,45.0,110
2021/08/03 15:33,47.0,110
2021/08/03 15:34,45.0,109
2021/08/03 15:35,44.0,109
2021/08/03 15:36,44.0,108
2021/08/03 15:37,43.0,107
2021/08/03 15:38,42.0,107
2021/08/03 15:39,42.0,108
2021/08/03 15:40,41.0,108
2021/08/03 15:41,41.0,108
2021/08/03 15:42,40.0,108
2021/08/03 15:43,40.0,107
2021/08/03 15:44,40.0,107
2021/08/03 15:45,40.0,107
2021/08/03 15:46,40.0,106
2021/08/03 15:47,39.0,105
2021/08/03 15:48,39.0,104
2021/08/03 15:49,38.0,102
2021/08/03 15:50,37.0,101
2021/08/03 15:51,39.0,97
2021/08/03 15:52,37.0,100
2021/08/03 15:53,36.0,98
2021/08/03 15:54,35.0,97
2021/08/03 15:55,33.0,96
2021/08/03 15:56,32.0,95
2021/08/03 15:57,32.0,94
2021/08/03 15:58,31.0,94
2021/08/03 15:59,30.0,94
2021/08/03 16:00,30.0,94
2021/08/03 16:01,30.0,91
2021/08/03 16:02,30.0,90
2021/08/03 16:03,30.0,90
2021/08/03 16:04,31.0,89
2021/08/03 16:05,32.0,89
2021/08/03 16:06,32.0,88
2021/08/03 16:07,32.0,89
2021/08/03 16:08,32.0,88
2021/08/03 16:09,32.0,87
2021/08/03 16:10,32.0,87
2021/08/03 16:11,32.0,87
2021/08/03 16:12,32.0,87
2021/08/03 16:13,32.0,87
2021/08/03 16:14,32.0,87
2021/08/03 16:15,32.0,87
2021/08/03 16:16,32.0,87
2021/08/03 16:17,32.0,88
2021/08/03 16:18,30.0,87
2021/08/03 16:19,30.0,88
2021/08/03 16:20,30.0,88
2021/08/03 16:21,30.0,88
2021/08/03 16:22,29.0,89
2021/08/03 16:23,29.0,89
2021/08/03 16:24,28.0,90
2021/08/03 16:25,28.0,90
2021/08/03 16:26,27.0,89
2021/08/03 16:27,27.0,89
2021/08/03 16:28,27.0,90
2021/08/03 16:29,27.0,88
2021/08/03 16:30,26.0,88
2021/08/03 16:31,26.0,87
2021/08/03 16:32,25.0,84
2021/08/03 16:33,24.0,81
2021/08/03 16:34,24.0,77
2021/08/03 16:35,24.0,74
2021/08/03 16:36,24.0,72
2021/08/03 16:37,24.0,69
2021/08/03 16:38,24.0,65
2021/08/03 16:39,24.0,64
2021/08/03 16:40,24.0,62
2021/08/03 16:41,25.0,61
2021/08/03 16:42,25.0,61
2021/08/03 16:43,25.0,62
2021/08/03 16:44,25.0,64
2021/08/03 16:45,24.0,67
2021/08/03 16:46,24.0,68
2021/08/03 16:47,24.0,70
2021/08/03 16:48,23.0,73
2021/08/03 16:49,23.0,73
2021/08/03 16:50,23.0,75
2021/08/03 16:51,22.0,76
2021/08/03 16:52,22.0,78
2021/08/03 16:53,22.0,79
2021/08/03 16:54,22.0,80
2021/08/03 16:55,22.0,80
2021/08/03 16:56,23.0,81
2021/08/03 16:57,23.0,82
2021/08/03 16:58,23.0,82
2021/08/03 16:59,24.0,85
2021/08/03 17:00,24.0,86
2021/08/03 17:01,24.0,87
2021/08/03 17:02,24.0,88
2021/08/03 17:03,24.0,88
2021/08/03 17:04,25.0,88
2021/08/03 17:05,25.0,89
2021/08/03 17:06,25.0,89
2021/08/03 17:07,25.0,89
2021/08/03 17:08,26.0,89
2021/08/03 17:09,26.0,89
2021/08/03 17:10,28.0,89
2021/08/03 17:11,29.0,89
2021/08/03 17:12,30.0,88
2021/08/03 17:13,32.0,89
2021/08/03 17:14,33.0,89
2021/08/03 17:15,33.0,89
2021/08/03 17:16,34.0,90
2021/08/03 17:17,35.0,89
2021/08/03 17:18,36.0,90
2021/08/03 17:19,36.0,89
2021/08/03 17:20,36.0,89
2021/08/03 17:21,36.0,89
2021/08/03 17:22,36.0,89
2021/08/03 17:23,36.0,89
2021/08/03 17:24,36.0,89
2021/08/03 17:25,36.0,90
2021/08/03 17:26,36.0,89
2021/08/03 17:27,37.0,89
2021/08/03 17:28,37.0,89
2021/08/03 17:29,37.0,91
2021/08/03 17:30,37.0,91
2021/08/03 17:31,37.0,92
2021/08/03 17:32,36.0,93
2021/08/03 17:33,36.0,92
2021/08/03 17:34,36.0,93
2021/08/03 17:35,37.0,92
2021/08/03 17:36,37.0,92
2021/08/03 17:37,37.0,92
2021/08/03 17:38,37.0,91
2021/08/03 17:39,38.0,90
2021/08/03 17:40,39.0,89
2021/08/03 17:41,38.0,88
2021/08/03 17:42,39.0,88
2021/08/03 17:43,39.0,88
2021/08/03 17:44,39.0,88
2021/08/03 17:45,40.0,88
2021/08/03 17:46,39.0,88
2021/08/03 17:47,39.0,88
2021/08/03 17:48,39.0,87
2021/08/03 17:49,39.0,88
2021/08/03 17:50,38.0,88
2021/08/03 17:51,38.0,88
2021/08/03 17:52,37.0,89
2021/08/03 17:53,36.0,89
2021/08/03 17:54,35.0,89
2021/08/03 17:55,34.0,89
2021/08/03 17:56,34.0,89
2021/08/03 17:57,33.0,89
2021/08/03 17:58,32.0,89
2021/08/03 17:59,32.0,89
2021/08/03 18:00,31.0,90
2021/08/03 18:01,30.0,89
2021/08/03 18:02,30.0,89
2021/08/03 18:03,32.0,90
2021/08/03 18:04,32.0,90
2021/08/03 18:05,30.0,90
2021/08/03 18:06,30.0,90
2021/08/03 18:07,30.0,90
2021/08/03 18:08,28.0,90
2021/08/03 18:09,28.0,91
2021/08/03 18:10,28.0,90
2021/08/03 18:11,28.0,90
2021/08/03 18:12,28.0,90
2021/08/03 18:13,28.0,91
2021/08/03 18:14,27.0,90
2021/08/03 18:15,26.0,89
2021/08/03 18:16,26.0,87
2021/08/03 18:17,26.0,84
2021/08/03 18:18,26.0,82
2021/08/03 18:19,26.0,78
2021/08/03 18:20,25.0,75
2021/08/03 18:21,24.0,72
2021/08/03 18:22,23.0,68
2021/08/03 18:23,23.0,65
2021/08/03 18:24,24.0,62
2021/08/03 18:25,24.0,60
2021/08/03 18:26,25.0,56
2021/08/03 18:27,24.0,54
2021/08/03 18:28,24.0,52
2021/08/03 18:29,24.0,51
2021/08/03 18:30,24.0,50
2021/08/03 18:31,23.0,49
2021/08/03 18:32,23.0,48
2021/08/03 18:33,22.0,46
2021/08/03 18:34,21.0,45
2021/08/03 18:35,21.0,44
2021/08/03 18:36,19.0,44
2021/08/03 18:37,19.0,45
2021/08/03 18:38,18.0,44
2021/08/03 18:39,18.0,42
2021/08/03 18:40,18.0,40
2021/08/03 18:41,19.0,38
2021/08/03 18:42,19.0,37
2021/08/03 18:43,20.0,36
2021/08/03 18:44,21.0,36
2021/08/03 18:45,21.0,36
2021/08/03 18:46,21.0,40
2021/08/03 18:47,22.0,44
2021/08/03 18:48,22.0,48
2021/08/03 18:49,21.0,54
2021/08/03 18:50,21.0,60
2021/08/03 18:51,21.0,67
2021/08/03 18:52,21.0,73
2021/08/03 18:53,20.0,80
2021/08/03 18:54,20.0,84
2021/08/03 18:55,21.0,88
2021/08/03 18:56,21.0,87
2021/08/03 18:57,20.0,84
2021/08/03 18:58,20.0,82
2021/08/03 18:59,19.0,79
2021/08/03 19:00,19.0,76
2021/08/03 19:01,18.0,73
2021/08/03 19:02,18.0,71
2021/08/03 19:03,17.0,69
2021/08/03 19:04,17.0,67
2021/08/03 19:05,17.0,66
2021/08/03 19:06,17.0,66
2021/08/03 19:07,18.0,65
2021/08/03 19:08,19.0,66
2021/08/03 19:09,19.0,67
2021/08/03 19:10,19.0,67
2021/08/03 19:11,19.0,67
2021/08/03 19:12,21.0,65
2021/08/03 19:13,21.0,64
2021/08/03 19:14,21.0,63
2021/08/03 19:15,22.0,60
2021/08/03 19:16,22.0,59
2021/08/03 19:17,21.0,58
2021/08/03 19:18,20.0,55
2021/08/03 19:19,20.0,53
2021/08/03 19:20,20.0,50
2021/08/03 19:21,21.0,44
2021/08/03 19:22,22.0,40
2021/08/03 19:23,22.0,36
2021/08/03 19:24,22.0,32
2021/08/03 19:25,22.0,28
2021/08/03 19:26,23.0,25
2021/08/03 19:27,23.0,23
2021/08/03 19:28,23.0,23
2021/08/03 19:29,22.0,22
2021/08/03 19:30,23.0,22
2021/08/03 19:31,22.0,23
2021/08/03 19:32,21.0,23
2021/08/03 19:33,20.0,23
2021/08/03 19:34,21.0,23
2021/08/03 19:35,20.0,23
2021/08/03 19:36,19.0,22
2021/08/03 19:37,19.0,20
2021/08/03 19:38,19.0,19
2021/08/03 19:39,19.0,17
2021/08/03 19:40,19.0,16
2021/08/03 19:41,19.0,15
2021/08/03 19:42,19.0,14
2021/08/03 19:43,19.0,14
2021/08/03 19:44,19.0,14
2021/08/03 19:45,19.0,14
2021/08/03 19:46,19.0,14
2021/08/03 19:47,19.0,15
2021/08/03 19:48,19.0,15
2021/08/03 19:49,19.0,16
2021/08/03 19:50,18.0,18
2021/08/03 19:51,18.0,20
2021/08/03 19:52,18.0,22
2021/08/03 19:53,18.0,25
2021/08/03 19:54,18.0,28
2021/08/03 19:55,18.0,32
2021/08/03 19:56,18.0,37
2021/08/03 19:57,18.0,42
2021/08/03 19:58,19.0,46
2021/08/03 19:59,20.0,49
2021/08/03 20:00,21.0,52
2021/08/03 20:01,22.0,54
2021/08/03 20:02,22.0,57
2021/08/03 20:03,23.0,58
2021/08/03 20:04,23.0,57
2021/08/03 20:05,24.0,56
2021/08/03 20:06,24.0,53
2021/08/03 20:07,23.0,51
2021/08/03 20:08,23.0,49
2021/08/03 20:09,23.0,49
2021/08/03 20:10,22.0,49
2021/08/03 20:11,22.0,48
2021/08/03 20:12,22.0,47
2021/08/03 20:13,22.0,46
2021/08/03 20:14,23.0,46
2021/08/03 20:15,23.0,47
2021/08/03 20:16,24.0,47
2021/08/03 20:17,24.0,48
2021/08/03 20:18,26.0,48
2021/08/03 20:19,26.0,48
2021/08/03 20:20,26.0,46
2021/08/03 20:21,27.0,45
2021/08/03 20:22,27.0,45
2021/08/03 20:23,27.0,47
2021/08/03 20:24,27.0,47
2021/08/03 20:25,27.0,47
2021/08/03 20:26,27.0,46
2021/08/03 20:27,26.0,45
2021/08/03 20:28,26.0,44
2021/08/03 20:29,27.0,43
2021/08/03 20:30,27.0,44
2021/08/03 20:31,27.0,45
2021/08/03 20:32,27.0,43
2021/08/03 20:33,27.0,42
2021/08/03 20:34,27.0,42
2021/08/03 20:35,27.0,42
2021/08/03 20:36,27.0,43
2021/08/03 20:37,27.0,43
2021/08/03 20:38,27.0,43
2021/08/03 20:39,28.0,43
2021/08/03 20:40,28.0,42
2021/08/03 20:41,27.0,42
2021/08/03 20:42,27.0,43
2021/08/03 20:43,27.0,43
2021/08/03 20:44,27.0,42
2021/08/03 20:45,27.0,42
2021/08/03 20:46,27.0,41
2021/08/03 20:47,27.0,40
2021/08/03 20:48,27.0,39
2021/08/03 20:49,27.0,37
2021/08/03 20:50,27.0,37
2021/08/03 20:51,27.0,35
2021/08/03 20:52,27.0,34
2021/08/03 20:53,27.0,33
2021/08/03 20:54,27.0,32
2021/08/03 20:55,27.0,31
2021/08/03 20:56,27.0,31
2021/08/03 20:57,27.0,31
2021/08/03 20:58,27.0,30
2021/08/03 20:59,27.0,30
2021/08/03 21:00,27.0,29
2021/08/03 21:01,28.0,28
2021/08/03 21:02,28.0,28
2021/08/03 21:03,28.0,28
2021/08/03 21:04,27.0,27
2021/08/03 21:05,27.0,26
2021/08/03 21:06,28.0,25
2021/08/03 21:07,28.0,24
2021/08/03 21:08,28.0,23
2021/08/03 21:09,27.0,22
2021/08/03 21:10,27.0,22
2021/08/03 21:11,26.0,21
2021/08/03 21:12,26.0,21
2021/08/03 21:13,26.0,21
2021/08/03 21:14,25.0,20
2021/08/03 21:15,25.0,20
2021/08/03 21:16,24.0,21
2021/08/03 21:17,23.0,22
2021/08/03 21:18,23.0,24
2021/08/03 21:19,23.0,25
2021/08/03 21:20,23.0,26
2021/08/03 21:21,23.0,27
2021/08/03 21:22,23.0,27
2021/08/03 21:23,24.0,28
2021/08/03 21:24,25.0,28
2021/08/03 21:25,25.0,29
2021/08/03 21:26,26.0,29
2021/08/03 21:27,26.0,29
2021/08/03 21:28,26.0,28
2021/08/03 21:29,26.0,26
2021/08/03 21:30,26.0,25
2021/08/03 21:31,26.0,24
2021/08/03 21:32,27.0,24
2021/08/03 21:33,27.0,23
2021/08/03 21:34,27.0,22
2021/08/03 21:35,27.0,21
2021/08/03 21:36,28.0,20
2021/08/03 21:37,28.0,19
2021/08/03 21:38,28.0,19
2021/08/03 21:39,28.0,19
2021/08/03 21:40,28.0,19
2021/08/03 21:41,28.0,19
2021/08/03 21:42,28.0,17
2021/08/03 21:43,27.0,17
2021/08/03 21:44,27.0,16
2021/08/03 21:45,27.0,16
2021/08/03 21:46,26.0,16
2021/08/03 21:47,26.0,15
2021/08/03 21:48,26.0,16
2021/08/03 21:49,26.0,16
2021/08/03 21:50,26.0,15
2021/08/03 21:51,26.0,15
2021/08/03 21:52,26.0,16
2021/08/03 21:53,26.0,17
2021/08/03 21:54,27.0,18
2021/08/03 21:55,27.0,18
2021/08/03 21:56,27.0,19
2021/08/03 21:57,27.0,19
2021/08/03 21:58,27.0,19
2021/08/03 21:59,27.0,20
2021/08/03 22:00,26.0,20
2021/08/03 22:01,26.0,21
2021/08/03 22:02,25.0,21
2021/08/03 22:03,25.0,22
2021/08/03 22:04,25.0,22
2021/08/03 22:05,24.0,22
2021/08/03 22:06,24.0,22
2021/08/03 22:07,24.0,21
2021/08/03 22:08,24.0,21
2021/08/03 22:09,24.0,21
2021/08/03 22:10,24.0,21
2021/08/03 22:11,24.0,22
2021/08/03 22:12,24.0,22
2021/08/03 22:13,25.0,22
2021/08/03 22:14,24.0,22
2021/08/03 22:15,24.0,22
2021/08/03 22:16,24.0,22
2021/08/03 22:17,24.0,22
2021/08/03 22:18,24.0,22
2021/08/03 22:19,24.0,23
2021/08/03 22:20,24.0,23
2021/08/03 22:21,23.0,22
2021/08/03 22:22,23.0,22
2021/08/03 22:23,24.0,22
2021/08/03 22:24,24.0,22
2021/08/03 22:25,24.0,22
2021/08/03 22:26,24.0,22
2021/08/03 22:27,24.0,21
2021/08/03 22:28,24.0,22
2021/08/03 22:29,24.0,22
2021/08/03 22:30,24.0,22
2021/08/03 22:31,23.0,22
2021/08/03 22:32,23.0,23
2021/08/03 22:33,23.0,22
2021/08/03 22:34,23.0,23
2021/08/03 22:35,23.0,23
2021/08/03 22:36,23.0,24
2021/08/03 22:37,23.0,24
2021/08/03 22:38,24.0,24
2021/08/03 22:39,24.0,24
2021/08/03 22:40,25.0,25
2021/08/03 22:41,26.0,27
2021/08/03 22:42,26.0,27
2021/08/03 22:43,27.0,27
2021/08/03 22:44,28.0,27
2021/08/03 22:45,29.0,27
2021/08/03 22:46,30.0,27
2021/08/03 22:47,30.0,28
2021/08/03 22:48,30.0,28
2021/08/03 22:49,30.0,28
2021/08/03 22:50,30.0,28
2021/08/03 22:51,30.0,27
2021/08/03 22:52,31.0,27
2021/08/03 22:53,30.0,27
2021/08/03 22:54,30.0,27
2021/08/03 22:55,31.0,27
2021/08/03 22:56,32.0,27
2021/08/03 22:57,32.0,26
2021/08/03 22:58,32.0,26
2021/08/03 22:59,31.0,26
2021/08/03 23:00,32.0,26
2021/08/03 23:01,32.0,26
2021/08/03 23:02,32.0,26
2021/08/03 23:03,32.0,26
2021/08/03 23:04,32.0,26
2021/08/03 23:05,32.0,26
2021/08/03 23:06,32.0,27
2021/08/03 23:07,32.0,27
2021/08/03 23:08,32.0,27
2021/08/03 23:09,32.0,27
2021/08/03 23:10,30.0,27
2021/08/03 23:11,30.0,27
2021/08/03 23:12,30.0,27
2021/08/03 23:13,29.0,27
2021/08/03 23:14,28.0,27
2021/08/03 23:15,29.0,28
2021/08/03 23:16,29.0,28
2021/08/03 23:17,28.0,28
2021/08/03 23:18,28.0,28
2021/08/03 23:19,28.0,29
2021/08/03 23:20,28.0,29
2021/08/03 23:21,28.0,30
2021/08/03 23:22,28.0,30
2021/08/03 23:23,28.0,30
2021/08/03 23:24,28.0,30
2021/08/03 23:25,28.0,30
2021/08/03 23:26,27.0,30
2021/08/03 23:27,27.0,31
2021/08/03 23:28,27.0,31
2021/08/03 23:29,28.0,30
2021/08/03 23:30,28.0,31
2021/08/03 23:31,28.0,31
2021/08/03 23:32,28.0,31
2021/08/03 23:33,28.0,31
2021/08/03 23:34,28.0,31
2021/08/03 23:35,28.0,31
2021/08/03 23:36,28.0,31
2021/08/03 23:37,28.0,31
2021/08/03 23:38,28.0,32
2021/08/03 23:39,27.0,31
2021/08/03 23:40,27.0,31
2021/08/03 23:41,27.0,30
2021/08/03 23:42,27.0,31
2021/08/03 23:43,27.0,31
2021/08/03 23:44,27.0,31
2021/08/03 23:45,27.0,31
2021/08/03 23:46,27.0,31
2021/08/03 23:47,27.0,30
2021/08/03 23:48,27.0,31
2021/08/03 23:49,27.0,31
2021/08/03 23:50,27.0,32
2021/08/03 23:51,27.0,33
2021/08/03 23:52,26.0,34
2021/08/03 23:53,26.0,34
2021/08/03 23:54,26.0,35
2021/08/03 23:55,26.0,36
2021/08/03 23:56,26.0,37
2021/08/03 23:57,26.0,38
2021/08/03 23:58,26.0,38
2021/08/03 23:59,26.0,39
2021/08/04 0:00,25.0,41
